Criterium,c1,0.14285,Min,	3,	4,	3
Criterium,c2,0.14285,Min,	1,	2,	1
Criterium,c3,0.14285,Min,	0.1,0.3,0.1
Criterium,c4,0.57145,Min,	5, 6,	5
Alternatives,Car1,Car2,Car3,Car4,Car5
8.75,	6.2,	1.0,	30.0
13.75,	7.5,	1.0,	50.0
25.0,	8.0,	3.0,	80.0
62.5,	20.0,	15.0,	120.0
75.5,	22.0,	20.0,	40.0